epoch,value
0,0.001521083
1,0.00152079
2,0.001520476
3,0.001520158
4,0.001519831
5,0.001519493
6,0.001519152
7,0.001518809
8,0.00151846
9,0.001518105
10,0.001517742
11,0.001517374
12,0.001517006
13,0.001516634
14,0.001516254
15,0.001515869
16,0.001515475
17,0.001515084
18,0.001514683
19,0.001514278
20,0.001513866
21,0.001513451
22,0.001513029
23,0.001512605
24,0.001512171
25,0.001511735
26,0.00151129
27,0.001510842
28,0.001510387
29,0.001509923
30,0.001509456
31,0.001508987
32,0.001508499
33,0.001508014
34,0.001507525
35,0.001507024
36,0.001506514
37,0.001506003
38,0.001505486
39,0.001504952
40,0.001504422
41,0.001503879
42,0.001503328
43,0.001502773
44,0.00150221
45,0.001501635
46,0.001501054
47,0.001500467
48,0.001499869
49,0.001499263
50,0.001498653
51,0.001498027
52,0.001497396
53,0.001496766
54,0.00149611
55,0.001495457
56,0.001494785
57,0.001494112
58,0.00149343
59,0.00149273
60,0.001492027
61,0.00149131
62,0.001490586
63,0.001489849
64,0.001489105
65,0.001488358
66,0.00148758
67,0.001486812
68,0.001486012
69,0.001485224
70,0.001484401
71,0.001483588
72,0.001482746
73,0.001481906
74,0.00148104
75,0.001480182
76,0.001479288
77,0.001478402
78,0.001477486
79,0.00147656
80,0.001475635
81,0.001474678
82,0.001473728
83,0.00147275
84,0.001471756
85,0.001470761
86,0.001469738
87,0.001468712
88,0.001467669
89,0.001466601
90,0.001465528
91,0.00146444
92,0.001463329
93,0.001462209
94,0.001461076
95,0.001459918
96,0.001458744
97,0.00145756
98,0.001456361
99,0.001455135
100,0.001453896
101,0.001452642
102,0.00145137
103,0.001450079
104,0.001448772
105,0.001447442
106,0.001446091
107,0.00144473
108,0.001443345
109,0.00144194
110,0.001440518
111,0.001439074
112,0.001437612
113,0.001436128
114,0.001434623
115,0.001433099
116,0.001431552
117,0.001429987
118,0.0014284
119,0.00142679
120,0.001425157
121,0.0014235
122,0.001421821
123,0.00142012
124,0.001418398
125,0.001416652
126,0.001414882
127,0.001413088
128,0.001411268
129,0.001409424
130,0.001407557
131,0.001405665
132,0.001403749
133,0.001401804
134,0.001399837
135,0.00139784
136,0.001395821
137,0.001393775
138,0.001391697
139,0.001389598
140,0.001387469
141,0.001385313
142,0.001383127
143,0.001380915
144,0.001378673
145,0.001376408
146,0.001374111
147,0.001371784
148,0.001369429
149,0.001367042
150,0.001364628
151,0.001362183
152,0.00135971
153,0.001357201
154,0.001354668
155,0.001352102
156,0.001349503
157,0.001346874
158,0.00134421
159,0.001341522
160,0.001338798
161,0.001336041
162,0.001333253
163,0.001330432
164,0.001327576
165,0.001324689
166,0.001321769
167,0.001318818
168,0.00131583
169,0.001312813
170,0.001309758
171,0.001306673
172,0.001303551
173,0.0013004
174,0.001297209
175,0.001293985
176,0.001290728
177,0.001287441
178,0.001284108
179,0.001280749
180,0.001277357
181,0.001273922
182,0.001270458
183,0.00126696
184,0.001263423
185,0.001259851
186,0.001256248
187,0.001252609
188,0.001248933
189,0.001245225
190,0.001241483
191,0.001237702
192,0.001233884
193,0.001230035
194,0.001226148
195,0.001222229
196,0.001218277
197,0.001214289
198,0.001210264
199,0.001206207
200,0.001202115
201,0.001197989
202,0.00119383
203,0.001189636
204,0.001185406
205,0.001181145
206,0.001176849
207,0.001172524
208,0.001168164
209,0.001163765
210,0.001159343
211,0.001154881
212,0.001150391
213,0.001145868
214,0.001141311
215,0.001136725
216,0.001132106
217,0.001127457
218,0.001122782
219,0.001118075
220,0.001113332
221,0.001108569
222,0.001103769
223,0.001098946
224,0.001094086
225,0.001089206
226,0.001084297
227,0.001079359
228,0.001074392
229,0.001069402
230,0.001064381
231,0.00105934
232,0.001054272
233,0.001049177
234,0.001044058
235,0.001038917
236,0.001033752
237,0.001028564
238,0.001023351
239,0.001018119
240,0.001012863
241,0.001007591
242,0.001002293
243,0.000996979
244,0.00099164
245,0.000986286
246,0.000980911
247,0.000975525
248,0.000970112
249,0.000964691
250,0.000959251
251,0.000953792
252,0.00094832
253,0.000942837
254,0.000937337
255,0.000931823
256,0.000926299
257,0.00092076
258,0.00091521
259,0.00090965
260,0.000904084
261,0.000898502
262,0.000892918
263,0.000887319
264,0.000881718
265,0.000876108
266,0.000870492
267,0.000864872
268,0.000859245
269,0.000853615
270,0.000847981
271,0.000842344
272,0.000836707
273,0.00083107
274,0.000825426
275,0.000819791
276,0.000814151
277,0.000808516
278,0.000802878
279,0.000797248
280,0.000791616
281,0.000785989
282,0.000780361
283,0.000774756
284,0.000769138
285,0.000763544
286,0.000757953
287,0.000752369
288,0.00074679
289,0.000741223
290,0.000735663
291,0.000730113
292,0.000724582
293,0.000719055
294,0.000713553
295,0.000708047
296,0.000702566
297,0.000697098
298,0.000691642
299,0.000686194
300,0.00068076
301,0.000675326
302,0.000669886
303,0.000664446
304,0.000659012
305,0.000653561
306,0.000648118
307,0.000642661
308,0.000637197
309,0.000631729
310,0.000626252
311,0.000620767
312,0.000615278
313,0.000609777
314,0.000604286
315,0.000598811
316,0.000593351
317,0.000587911
318,0.000582488
319,0.000577089
320,0.000571712
321,0.000566353
322,0.000561025
323,0.000555711
324,0.000550426
325,0.000545162
326,0.000539936
327,0.00053473
328,0.000529552
329,0.000524403
330,0.000519279
331,0.000514185
332,0.000509116
333,0.000504089
334,0.00049908
335,0.000494111
336,0.000489164
337,0.000484256
338,0.00047938
339,0.000474533
340,0.00046972
341,0.000464936
342,0.000460185
343,0.000455471
344,0.000450792
345,0.000446138
346,0.00044153
347,0.000436953
348,0.000432402
349,0.000427894
350,0.000423417
351,0.000418978
352,0.000414571
353,0.000410204
354,0.000405867
355,0.000401567
356,0.000397306
357,0.000393076
358,0.000388884
359,0.000384725
360,0.000380602
361,0.000376517
362,0.000372469
363,0.000368454
364,0.000364474
365,0.000360534
366,0.000356623
367,0.000352754
368,0.000348918
369,0.000345117
370,0.000341355
371,0.000337624
372,0.000333931
373,0.000330272
374,0.00032665
375,0.000323063
376,0.000319508
377,0.000315991
378,0.000312506
379,0.000309059
380,0.000305644
381,0.000302264
382,0.00029892
383,0.000295608
384,0.000292328
385,0.000289088
386,0.000285875
387,0.000282699
388,0.000279551
389,0.000276443
390,0.000273364
391,0.000270317
392,0.000267308
393,0.000264325
394,0.000261378
395,0.000258457
396,0.000255571
397,0.000252717
398,0.000249893
399,0.000247105
400,0.000244342
401,0.000241611
402,0.000238909
403,0.000236239
404,0.000233599
405,0.000230988
406,0.000228405
407,0.000225848
408,0.000223327
409,0.000220832
410,0.000218366
411,0.000215928
412,0.000213516
413,0.000211133
414,0.000208777
415,0.000206446
416,0.000204146
417,0.00020187
418,0.000199625
419,0.000197402
420,0.000195206
421,0.000193034
422,0.000190892
423,0.000188773
424,0.000186678
425,0.000184611
426,0.000182565
427,0.000180547
428,0.000178552
429,0.000176579
430,0.000174631
431,0.000172708
432,0.000170805
433,0.000168926
434,0.000167072
435,0.000165237
436,0.000163427
437,0.00016164
438,0.000159872
439,0.000158129
440,0.000156406
441,0.000154703
442,0.00015302
443,0.000151362
444,0.00014972
445,0.0001481
446,0.000146498
447,0.00014492
448,0.00014336
449,0.000141819
450,0.000140296
451,0.000138795
452,0.00013731
453,0.000135845
454,0.000134399
455,0.000132969
456,0.000131557
457,0.000130164
458,0.000128789
459,0.000127429
460,0.000126088
461,0.000124763
462,0.000123456
463,0.000122164
464,0.000120889
465,0.00011963
466,0.000118385
467,0.000117159
468,0.000115945
469,0.000114749
470,0.000113566
471,0.000112399
472,0.000111248
473,0.00011011
474,0.000108986
475,0.000107877
476,0.000106782
477,0.000105699
478,0.000104632
479,0.000103577
480,0.000102536
481,0.000101508
482,0.000100493
483,9.95E-05
484,9.85E-05
485,9.75E-05
486,9.66E-05
487,9.56E-05
488,9.47E-05
489,9.37E-05
490,9.28E-05
491,9.19E-05
492,9.10E-05
493,9.01E-05
494,8.93E-05
495,8.84E-05
496,8.75E-05
497,8.67E-05
498,8.59E-05
499,8.51E-05
500,8.42E-05
501,8.34E-05
502,8.27E-05
503,8.19E-05
504,8.11E-05
505,8.03E-05
506,7.96E-05
507,7.88E-05
508,7.81E-05
509,7.74E-05
510,7.67E-05
511,7.60E-05
512,7.53E-05
513,7.46E-05
514,7.39E-05
515,7.32E-05
516,7.25E-05
517,7.19E-05
518,7.12E-05
519,7.06E-05
520,7.00E-05
521,6.93E-05
522,6.87E-05
523,6.81E-05
524,6.75E-05
525,6.69E-05
526,6.63E-05
527,6.57E-05
528,6.51E-05
529,6.46E-05
530,6.40E-05
531,6.34E-05
532,6.29E-05
533,6.23E-05
534,6.18E-05
535,6.13E-05
536,6.07E-05
537,6.02E-05
538,5.97E-05
539,5.92E-05
540,5.87E-05
541,5.82E-05
542,5.77E-05
543,5.72E-05
544,5.67E-05
545,5.62E-05
546,5.58E-05
547,5.53E-05
548,5.49E-05
549,5.44E-05
550,5.39E-05
551,5.35E-05
552,5.31E-05
553,5.26E-05
554,5.22E-05
555,5.18E-05
556,5.13E-05
557,5.09E-05
558,5.05E-05
559,5.01E-05
560,4.97E-05
561,4.93E-05
562,4.89E-05
563,4.85E-05
564,4.81E-05
565,4.77E-05
566,4.73E-05
567,4.70E-05
568,4.66E-05
569,4.62E-05
570,4.59E-05
571,4.55E-05
572,4.51E-05
573,4.48E-05
574,4.44E-05
575,4.41E-05
576,4.37E-05
577,4.34E-05
578,4.31E-05
579,4.27E-05
580,4.24E-05
581,4.21E-05
582,4.17E-05
583,4.14E-05
584,4.11E-05
585,4.08E-05
586,4.05E-05
587,4.02E-05
588,3.99E-05
589,3.96E-05
590,3.93E-05
591,3.90E-05
592,3.87E-05
593,3.84E-05
594,3.81E-05
595,3.78E-05
596,3.75E-05
597,3.72E-05
598,3.69E-05
599,3.67E-05
600,3.64E-05
601,3.61E-05
602,3.59E-05
603,3.56E-05
604,3.53E-05
605,3.51E-05
606,3.48E-05
607,3.45E-05
608,3.43E-05
609,3.40E-05
610,3.38E-05
611,3.35E-05
612,3.33E-05
613,3.31E-05
614,3.28E-05
615,3.26E-05
616,3.23E-05
617,3.21E-05
618,3.19E-05
619,3.16E-05
620,3.14E-05
621,3.12E-05
622,3.09E-05
623,3.07E-05
624,3.05E-05
625,3.03E-05
626,3.01E-05
627,2.98E-05
628,2.96E-05
629,2.94E-05
630,2.92E-05
631,2.90E-05
632,2.88E-05
633,2.86E-05
634,2.84E-05
635,2.82E-05
636,2.80E-05
637,2.78E-05
638,2.76E-05
639,2.74E-05
640,2.72E-05
641,2.70E-05
642,2.68E-05
643,2.66E-05
644,2.64E-05
645,2.62E-05
646,2.61E-05
647,2.59E-05
648,2.57E-05
649,2.55E-05
650,2.53E-05
651,2.52E-05
652,2.50E-05
653,2.48E-05
654,2.46E-05
655,2.45E-05
656,2.43E-05
657,2.41E-05
658,2.39E-05
659,2.38E-05
660,2.36E-05
661,2.34E-05
662,2.33E-05
663,2.31E-05
664,2.30E-05
665,2.28E-05
666,2.26E-05
667,2.25E-05
668,2.23E-05
669,2.22E-05
670,2.20E-05
671,2.19E-05
672,2.17E-05
673,2.16E-05
674,2.14E-05
675,2.13E-05
676,2.11E-05
677,2.10E-05
678,2.08E-05
679,2.07E-05
680,2.05E-05
681,2.04E-05
682,2.03E-05
683,2.01E-05
684,2.00E-05
685,1.98E-05
686,1.97E-05
687,1.96E-05
688,1.94E-05
689,1.93E-05
690,1.92E-05
691,1.90E-05
692,1.89E-05
693,1.88E-05
694,1.86E-05
695,1.85E-05
696,1.84E-05
697,1.83E-05
698,1.81E-05
699,1.80E-05
700,1.79E-05
701,1.78E-05
702,1.76E-05
703,1.75E-05
704,1.74E-05
705,1.73E-05
706,1.72E-05
707,1.70E-05
708,1.69E-05
709,1.68E-05
710,1.67E-05
711,1.66E-05
712,1.65E-05
713,1.64E-05
714,1.62E-05
715,1.61E-05
716,1.60E-05
717,1.59E-05
718,1.58E-05
719,1.57E-05
720,1.56E-05
721,1.55E-05
722,1.54E-05
723,1.53E-05
724,1.52E-05
725,1.51E-05
726,1.50E-05
727,1.49E-05
728,1.48E-05
729,1.47E-05
730,1.46E-05
731,1.45E-05
732,1.44E-05
733,1.43E-05
734,1.42E-05
735,1.41E-05
736,1.40E-05
737,1.39E-05
738,1.38E-05
739,1.37E-05
740,1.36E-05
741,1.35E-05
742,1.34E-05
743,1.33E-05
744,1.32E-05
745,1.31E-05
746,1.30E-05
747,1.30E-05
748,1.29E-05
749,1.28E-05
750,1.27E-05
751,1.26E-05
752,1.25E-05
753,1.24E-05
754,1.23E-05
755,1.23E-05
756,1.22E-05
757,1.21E-05
758,1.20E-05
759,1.19E-05
760,1.19E-05
761,1.18E-05
762,1.17E-05
763,1.16E-05
764,1.15E-05
765,1.15E-05
766,1.14E-05
767,1.13E-05
768,1.12E-05
769,1.11E-05
770,1.11E-05
771,1.10E-05
772,1.09E-05
773,1.08E-05
774,1.08E-05
775,1.07E-05
776,1.06E-05
777,1.06E-05
778,1.05E-05
779,1.04E-05
780,1.03E-05
781,1.03E-05
782,1.02E-05
783,1.01E-05
784,1.01E-05
785,9.99E-06
786,9.92E-06
787,9.85E-06
788,9.79E-06
789,9.72E-06
790,9.65E-06
791,9.59E-06
792,9.52E-06
793,9.46E-06
794,9.39E-06
795,9.33E-06
796,9.26E-06
797,9.20E-06
798,9.14E-06
799,9.08E-06
800,9.01E-06
801,8.95E-06
802,8.89E-06
803,8.83E-06
804,8.77E-06
805,8.71E-06
806,8.65E-06
807,8.59E-06
808,8.53E-06
809,8.48E-06
810,8.42E-06
811,8.36E-06
812,8.30E-06
813,8.25E-06
814,8.19E-06
815,8.14E-06
816,8.08E-06
817,8.02E-06
818,7.97E-06
819,7.91E-06
820,7.86E-06
821,7.81E-06
822,7.75E-06
823,7.70E-06
824,7.65E-06
825,7.60E-06
826,7.54E-06
827,7.49E-06
828,7.44E-06
829,7.39E-06
830,7.34E-06
831,7.29E-06
832,7.24E-06
833,7.19E-06
834,7.14E-06
835,7.09E-06
836,7.04E-06
837,7.00E-06
838,6.95E-06
839,6.90E-06
840,6.86E-06
841,6.81E-06
842,6.76E-06
843,6.72E-06
844,6.67E-06
845,6.62E-06
846,6.58E-06
847,6.53E-06
848,6.49E-06
849,6.45E-06
850,6.40E-06
851,6.36E-06
852,6.32E-06
853,6.27E-06
854,6.23E-06
855,6.19E-06
856,6.15E-06
857,6.10E-06
858,6.06E-06
859,6.02E-06
860,5.98E-06
861,5.94E-06
862,5.90E-06
863,5.86E-06
864,5.82E-06
865,5.78E-06
866,5.74E-06
867,5.70E-06
868,5.66E-06
869,5.62E-06
870,5.58E-06
871,5.55E-06
872,5.51E-06
873,5.47E-06
874,5.43E-06
875,5.40E-06
876,5.36E-06
877,5.32E-06
878,5.29E-06
879,5.25E-06
880,5.22E-06
881,5.18E-06
882,5.15E-06
883,5.11E-06
884,5.08E-06
885,5.04E-06
886,5.01E-06
887,4.97E-06
888,4.94E-06
889,4.91E-06
890,4.87E-06
891,4.84E-06
892,4.81E-06
893,4.77E-06
894,4.74E-06
895,4.71E-06
896,4.68E-06
897,4.65E-06
898,4.61E-06
899,4.58E-06
900,4.55E-06
901,4.52E-06
902,4.49E-06
903,4.46E-06
904,4.43E-06
905,4.40E-06
906,4.37E-06
907,4.34E-06
908,4.31E-06
909,4.28E-06
910,4.25E-06
911,4.23E-06
912,4.20E-06
913,4.17E-06
914,4.14E-06
915,4.11E-06
916,4.08E-06
917,4.06E-06
918,4.03E-06
919,4.00E-06
920,3.98E-06
921,3.95E-06
922,3.92E-06
923,3.90E-06
924,3.87E-06
925,3.84E-06
926,3.82E-06
927,3.79E-06
928,3.77E-06
929,3.74E-06
930,3.72E-06
931,3.69E-06
932,3.67E-06
933,3.64E-06
934,3.62E-06
935,3.59E-06
936,3.57E-06
937,3.55E-06
938,3.52E-06
939,3.50E-06
940,3.47E-06
941,3.45E-06
942,3.43E-06
943,3.41E-06
944,3.38E-06
945,3.36E-06
946,3.34E-06
947,3.32E-06
948,3.29E-06
949,3.27E-06
950,3.25E-06
951,3.23E-06
952,3.21E-06
953,3.18E-06
954,3.16E-06
955,3.14E-06
956,3.12E-06
957,3.10E-06
958,3.08E-06
959,3.06E-06
960,3.04E-06
961,3.02E-06
962,3.00E-06
963,2.98E-06
964,2.96E-06
965,2.94E-06
966,2.92E-06
967,2.90E-06
968,2.88E-06
969,2.86E-06
970,2.84E-06
971,2.83E-06
972,2.81E-06
973,2.79E-06
974,2.77E-06
975,2.75E-06
976,2.73E-06
977,2.72E-06
978,2.70E-06
979,2.68E-06
980,2.66E-06
981,2.64E-06
982,2.63E-06
983,2.61E-06
984,2.59E-06
985,2.58E-06
986,2.56E-06
987,2.54E-06
988,2.53E-06
989,2.51E-06
990,2.49E-06
991,2.48E-06
992,2.46E-06
993,2.44E-06
994,2.43E-06
995,2.41E-06
996,2.40E-06
997,2.38E-06
998,2.37E-06
999,2.35E-06
1000,2.34E-06
1001,2.32E-06
1002,2.30E-06
1003,2.29E-06
1004,2.28E-06
1005,2.26E-06
1006,2.25E-06
1007,2.23E-06
1008,2.22E-06
1009,2.20E-06
1010,2.19E-06
1011,2.17E-06
1012,2.16E-06
1013,2.15E-06
1014,2.13E-06
1015,2.12E-06
1016,2.11E-06
1017,2.09E-06
1018,2.08E-06
1019,2.06E-06
1020,2.05E-06
1021,2.04E-06
1022,2.03E-06
1023,2.01E-06
1024,2.00E-06
1025,1.99E-06
1026,1.97E-06
1027,1.96E-06
1028,1.95E-06
1029,1.94E-06
1030,1.92E-06
1031,1.91E-06
1032,1.90E-06
1033,1.89E-06
1034,1.88E-06
1035,1.86E-06
1036,1.85E-06
1037,1.84E-06
1038,1.83E-06
1039,1.82E-06
1040,1.81E-06
1041,1.79E-06
1042,1.78E-06
1043,1.77E-06
1044,1.76E-06
1045,1.75E-06
1046,1.74E-06
1047,1.73E-06
1048,1.72E-06
1049,1.71E-06
1050,1.70E-06
1051,1.69E-06
1052,1.67E-06
1053,1.66E-06
1054,1.65E-06
1055,1.64E-06
1056,1.63E-06
1057,1.62E-06
1058,1.61E-06
1059,1.60E-06
1060,1.59E-06
1061,1.58E-06
1062,1.57E-06
1063,1.56E-06
1064,1.55E-06
1065,1.55E-06
1066,1.54E-06
1067,1.53E-06
1068,1.52E-06
1069,1.51E-06
1070,1.50E-06
1071,1.49E-06
1072,1.48E-06
1073,1.47E-06
1074,1.46E-06
1075,1.45E-06
1076,1.44E-06
1077,1.44E-06
1078,1.43E-06
1079,1.42E-06
1080,1.41E-06
1081,1.40E-06
1082,1.39E-06
1083,1.38E-06
1084,1.38E-06
1085,1.37E-06
1086,1.36E-06
1087,1.35E-06
1088,1.34E-06
1089,1.33E-06
1090,1.33E-06
1091,1.32E-06
1092,1.31E-06
1093,1.30E-06
1094,1.30E-06
1095,1.29E-06
1096,1.28E-06
1097,1.27E-06
1098,1.27E-06
1099,1.26E-06
1100,1.25E-06
1101,1.24E-06
1102,1.24E-06
1103,1.23E-06
1104,1.22E-06
1105,1.21E-06
1106,1.21E-06
1107,1.20E-06
1108,1.19E-06
1109,1.19E-06
1110,1.18E-06
1111,1.17E-06
1112,1.17E-06
1113,1.16E-06
1114,1.15E-06
1115,1.14E-06
1116,1.14E-06
1117,1.13E-06
1118,1.13E-06
1119,1.12E-06
1120,1.11E-06
1121,1.11E-06
1122,1.10E-06
1123,1.09E-06
1124,1.09E-06
1125,1.08E-06
1126,1.07E-06
1127,1.07E-06
1128,1.06E-06
1129,1.06E-06
1130,1.05E-06
1131,1.04E-06
1132,1.04E-06
1133,1.03E-06
1134,1.03E-06
1135,1.02E-06
1136,1.02E-06
1137,1.01E-06
1138,1.00E-06
1139,9.99E-07
1140,9.93E-07
1141,9.87E-07
1142,9.82E-07
1143,9.77E-07
1144,9.71E-07
1145,9.66E-07
1146,9.60E-07
1147,9.55E-07
1148,9.50E-07
1149,9.45E-07
1150,9.40E-07
1151,9.34E-07
1152,9.29E-07
1153,9.24E-07
1154,9.19E-07
1155,9.14E-07
1156,9.09E-07
1157,9.04E-07
1158,8.99E-07
1159,8.95E-07
1160,8.90E-07
1161,8.85E-07
1162,8.80E-07
1163,8.76E-07
1164,8.71E-07
1165,8.66E-07
1166,8.62E-07
1167,8.57E-07
1168,8.52E-07
1169,8.48E-07
1170,8.44E-07
1171,8.39E-07
1172,8.35E-07
1173,8.30E-07
1174,8.26E-07
1175,8.22E-07
1176,8.17E-07
1177,8.13E-07
1178,8.09E-07
1179,8.05E-07
1180,8.00E-07
1181,7.96E-07
1182,7.92E-07
1183,7.88E-07
1184,7.84E-07
1185,7.80E-07
1186,7.76E-07
1187,7.72E-07
1188,7.68E-07
1189,7.64E-07
1190,7.60E-07
1191,7.57E-07
1192,7.53E-07
1193,7.49E-07
1194,7.45E-07
1195,7.41E-07
1196,7.38E-07
1197,7.34E-07
1198,7.30E-07
1199,7.27E-07
1200,7.23E-07
1201,7.20E-07
1202,7.16E-07
1203,7.13E-07
1204,7.09E-07
1205,7.06E-07
1206,7.02E-07
1207,6.99E-07
1208,6.95E-07
1209,6.92E-07
1210,6.89E-07
1211,6.85E-07
1212,6.82E-07
1213,6.79E-07
1214,6.75E-07
1215,6.72E-07
1216,6.69E-07
1217,6.66E-07
1218,6.63E-07
1219,6.59E-07
1220,6.56E-07
1221,6.53E-07
1222,6.50E-07
1223,6.47E-07
1224,6.44E-07
1225,6.41E-07
1226,6.38E-07
1227,6.35E-07
1228,6.32E-07
1229,6.29E-07
1230,6.26E-07
1231,6.23E-07
1232,6.21E-07
1233,6.18E-07
1234,6.15E-07
1235,6.12E-07
1236,6.09E-07
1237,6.07E-07
1238,6.04E-07
1239,6.01E-07
1240,5.98E-07
1241,5.96E-07
1242,5.93E-07
1243,5.90E-07
1244,5.88E-07
1245,5.85E-07
1246,5.83E-07
1247,5.80E-07
1248,5.78E-07
1249,5.75E-07
1250,5.72E-07
1251,5.70E-07
1252,5.67E-07
1253,5.65E-07
1254,5.63E-07
1255,5.60E-07
1256,5.58E-07
1257,5.55E-07
1258,5.53E-07
1259,5.51E-07
1260,5.48E-07
1261,5.46E-07
1262,5.44E-07
1263,5.41E-07
1264,5.39E-07
1265,5.37E-07
1266,5.35E-07
1267,5.32E-07
1268,5.30E-07
1269,5.28E-07
1270,5.26E-07
1271,5.24E-07
1272,5.22E-07
1273,5.19E-07
1274,5.17E-07
1275,5.15E-07
1276,5.13E-07
1277,5.11E-07
1278,5.09E-07
1279,5.07E-07
1280,5.05E-07
1281,5.03E-07
1282,5.01E-07
1283,4.99E-07
1284,4.97E-07
1285,4.95E-07
1286,4.93E-07
1287,4.91E-07
1288,4.89E-07
1289,4.87E-07
1290,4.86E-07
1291,4.84E-07
1292,4.82E-07
1293,4.80E-07
1294,4.78E-07
1295,4.76E-07
1296,4.74E-07
1297,4.73E-07
1298,4.71E-07
1299,4.69E-07
1300,4.67E-07
1301,4.66E-07
1302,4.64E-07
1303,4.62E-07
1304,4.61E-07
1305,4.59E-07
1306,4.57E-07
1307,4.55E-07
1308,4.54E-07
1309,4.52E-07
1310,4.51E-07
1311,4.49E-07
1312,4.47E-07
1313,4.46E-07
1314,4.44E-07
1315,4.43E-07
1316,4.41E-07
1317,4.40E-07
1318,4.38E-07
1319,4.36E-07
1320,4.35E-07
1321,4.33E-07
1322,4.32E-07
1323,4.30E-07
1324,4.29E-07
1325,4.27E-07
1326,4.26E-07
1327,4.25E-07
1328,4.23E-07
1329,4.22E-07
1330,4.20E-07
1331,4.19E-07
1332,4.18E-07
1333,4.16E-07
1334,4.15E-07
1335,4.13E-07
1336,4.12E-07
1337,4.11E-07
1338,4.09E-07
1339,4.08E-07
1340,4.07E-07
1341,4.05E-07
1342,4.04E-07
1343,4.03E-07
1344,4.02E-07
1345,4.00E-07
1346,3.99E-07
1347,3.98E-07
1348,3.97E-07
1349,3.95E-07
1350,3.94E-07
1351,3.93E-07
1352,3.92E-07
1353,3.91E-07
1354,3.89E-07
1355,3.88E-07
1356,3.87E-07
1357,3.86E-07
1358,3.85E-07
1359,3.84E-07
1360,3.82E-07
1361,3.81E-07
1362,3.80E-07
1363,3.79E-07
1364,3.78E-07
1365,3.77E-07
1366,3.76E-07
1367,3.75E-07
1368,3.74E-07
1369,3.73E-07
1370,3.71E-07
1371,3.70E-07
1372,3.69E-07
1373,3.68E-07
1374,3.67E-07
1375,3.66E-07
1376,3.65E-07
1377,3.64E-07
1378,3.63E-07
1379,3.62E-07
1380,3.61E-07
1381,3.60E-07
1382,3.59E-07
1383,3.58E-07
1384,3.57E-07
1385,3.57E-07
1386,3.56E-07
1387,3.55E-07
1388,3.54E-07
1389,3.53E-07
1390,3.52E-07
1391,3.51E-07
1392,3.50E-07
1393,3.49E-07
1394,3.48E-07
1395,3.47E-07
1396,3.46E-07
1397,3.46E-07
1398,3.45E-07
1399,3.44E-07
1400,3.43E-07
1401,3.42E-07
1402,3.41E-07
1403,3.41E-07
1404,3.40E-07
1405,3.39E-07
1406,3.38E-07
1407,3.37E-07
1408,3.36E-07
1409,3.36E-07
1410,3.35E-07
1411,3.34E-07
1412,3.33E-07
1413,3.33E-07
1414,3.32E-07
1415,3.31E-07
1416,3.30E-07
1417,3.29E-07
1418,3.29E-07
1419,3.28E-07
1420,3.27E-07
1421,3.27E-07
1422,3.26E-07
1423,3.25E-07
1424,3.24E-07
1425,3.24E-07
1426,3.23E-07
1427,3.22E-07
1428,3.22E-07
1429,3.21E-07
1430,3.20E-07
1431,3.19E-07
1432,3.19E-07
1433,3.18E-07
1434,3.17E-07
1435,3.17E-07
1436,3.16E-07
1437,3.15E-07
1438,3.15E-07
1439,3.14E-07
1440,3.14E-07
1441,3.13E-07
1442,3.12E-07
1443,3.12E-07
1444,3.11E-07
1445,3.10E-07
1446,3.10E-07
1447,3.09E-07
1448,3.09E-07
1449,3.08E-07
1450,3.07E-07
1451,3.07E-07
1452,3.06E-07
1453,3.06E-07
1454,3.05E-07
1455,3.04E-07
1456,3.04E-07
1457,3.03E-07
1458,3.03E-07
1459,3.02E-07
1460,3.02E-07
1461,3.01E-07
1462,3.01E-07
1463,3.00E-07
1464,2.99E-07
1465,2.99E-07
1466,2.98E-07
1467,2.98E-07
1468,2.97E-07
1469,2.97E-07
1470,2.96E-07
1471,2.96E-07
1472,2.95E-07
1473,2.95E-07
1474,2.94E-07
1475,2.94E-07
1476,2.93E-07
1477,2.93E-07
1478,2.92E-07
1479,2.92E-07
1480,2.91E-07
1481,2.91E-07
1482,2.90E-07
1483,2.90E-07
1484,2.89E-07
1485,2.89E-07
1486,2.89E-07
1487,2.88E-07
1488,2.88E-07
1489,2.87E-07
1490,2.87E-07
1491,2.86E-07
1492,2.86E-07
1493,2.85E-07
1494,2.85E-07
1495,2.85E-07
1496,2.84E-07
1497,2.84E-07
1498,2.83E-07
1499,2.83E-07
1500,2.82E-07
1501,2.82E-07
1502,2.82E-07
1503,2.81E-07
1504,2.81E-07
1505,2.80E-07
1506,2.80E-07
1507,2.80E-07
1508,2.79E-07
1509,2.79E-07
1510,2.78E-07
1511,2.78E-07
1512,2.78E-07
1513,2.77E-07
1514,2.77E-07
1515,2.77E-07
1516,2.76E-07
1517,2.76E-07
1518,2.75E-07
1519,2.75E-07
1520,2.75E-07
1521,2.74E-07
1522,2.74E-07
1523,2.74E-07
1524,2.73E-07
1525,2.73E-07
1526,2.73E-07
1527,2.72E-07
1528,2.72E-07
1529,2.72E-07
1530,2.71E-07
1531,2.71E-07
1532,2.71E-07
1533,2.70E-07
1534,2.70E-07
1535,2.70E-07
1536,2.69E-07
1537,2.69E-07
1538,2.69E-07
1539,2.68E-07
1540,2.68E-07
1541,2.68E-07
1542,2.67E-07
1543,2.67E-07
1544,2.67E-07
1545,2.66E-07
1546,2.66E-07
1547,2.66E-07
1548,2.66E-07
1549,2.65E-07
1550,2.65E-07
1551,2.65E-07
1552,2.64E-07
1553,2.64E-07
1554,2.64E-07
1555,2.64E-07
1556,2.63E-07
1557,2.63E-07
1558,2.63E-07
1559,2.62E-07
1560,2.62E-07
1561,2.62E-07
1562,2.62E-07
1563,2.61E-07
1564,2.61E-07
1565,2.61E-07
1566,2.61E-07
1567,2.60E-07
1568,2.60E-07
1569,2.60E-07
1570,2.60E-07
1571,2.59E-07
1572,2.59E-07
1573,2.59E-07
1574,2.59E-07
1575,2.58E-07
1576,2.58E-07
1577,2.58E-07
1578,2.58E-07
1579,2.57E-07
1580,2.57E-07
1581,2.57E-07
1582,2.57E-07
1583,2.56E-07
1584,2.56E-07
1585,2.56E-07
1586,2.56E-07
1587,2.55E-07
1588,2.55E-07
1589,2.55E-07
1590,2.55E-07
1591,2.55E-07
1592,2.54E-07
1593,2.54E-07
1594,2.54E-07
1595,2.54E-07
1596,2.54E-07
1597,2.53E-07
1598,2.53E-07
1599,2.53E-07
1600,2.53E-07
1601,2.53E-07
1602,2.52E-07
1603,2.52E-07
1604,2.52E-07
1605,2.52E-07
1606,2.51E-07
1607,2.51E-07
1608,2.51E-07
1609,2.51E-07
1610,2.51E-07
1611,2.51E-07
1612,2.50E-07
1613,2.50E-07
1614,2.50E-07
1615,2.50E-07
1616,2.50E-07
1617,2.49E-07
1618,2.49E-07
1619,2.49E-07
1620,2.49E-07
1621,2.49E-07
1622,2.49E-07
1623,2.48E-07
1624,2.48E-07
1625,2.48E-07
1626,2.48E-07
1627,2.48E-07
1628,2.48E-07
1629,2.47E-07
1630,2.47E-07
1631,2.47E-07
1632,2.47E-07
1633,2.47E-07
1634,2.47E-07
1635,2.46E-07
1636,2.46E-07
1637,2.46E-07
1638,2.46E-07
1639,2.46E-07
1640,2.46E-07
1641,2.45E-07
1642,2.45E-07
1643,2.45E-07
1644,2.45E-07
1645,2.45E-07
1646,2.45E-07
1647,2.45E-07
1648,2.44E-07
1649,2.44E-07
1650,2.44E-07
1651,2.44E-07
1652,2.44E-07
1653,2.44E-07
1654,2.44E-07
1655,2.43E-07
1656,2.43E-07
1657,2.43E-07
1658,2.43E-07
1659,2.43E-07
1660,2.43E-07
1661,2.43E-07
1662,2.42E-07
1663,2.42E-07
1664,2.42E-07
1665,2.42E-07
1666,2.42E-07
1667,2.42E-07
1668,2.42E-07
1669,2.41E-07
1670,2.41E-07
1671,2.41E-07
1672,2.41E-07
1673,2.41E-07
1674,2.41E-07
1675,2.41E-07
1676,2.41E-07
1677,2.41E-07
1678,2.40E-07
1679,2.40E-07
1680,2.40E-07
1681,2.40E-07
1682,2.40E-07
1683,2.40E-07
1684,2.40E-07
1685,2.40E-07
1686,2.39E-07
1687,2.39E-07
1688,2.39E-07
1689,2.39E-07
1690,2.39E-07
1691,2.39E-07
1692,2.39E-07
1693,2.39E-07
1694,2.39E-07
1695,2.39E-07
1696,2.38E-07
1697,2.38E-07
1698,2.38E-07
1699,2.38E-07
1700,2.38E-07
1701,2.38E-07
1702,2.38E-07
1703,2.38E-07
1704,2.38E-07
1705,2.37E-07
1706,2.37E-07
1707,2.37E-07
1708,2.37E-07
1709,2.37E-07
1710,2.37E-07
1711,2.37E-07
1712,2.37E-07
1713,2.37E-07
1714,2.37E-07
1715,2.37E-07
1716,2.36E-07
1717,2.36E-07
1718,2.36E-07
1719,2.36E-07
1720,2.36E-07
1721,2.36E-07
1722,2.36E-07
1723,2.36E-07
1724,2.36E-07
1725,2.36E-07
1726,2.36E-07
1727,2.35E-07
1728,2.35E-07
1729,2.35E-07
1730,2.35E-07
1731,2.35E-07
1732,2.35E-07
1733,2.35E-07
1734,2.35E-07
1735,2.35E-07
1736,2.35E-07
1737,2.35E-07
1738,2.35E-07
1739,2.34E-07
1740,2.34E-07
1741,2.34E-07
1742,2.34E-07
1743,2.34E-07
1744,2.34E-07
1745,2.34E-07
1746,2.34E-07
1747,2.34E-07
1748,2.34E-07
1749,2.34E-07
1750,2.34E-07
1751,2.34E-07
1752,2.34E-07
1753,2.33E-07
1754,2.33E-07
1755,2.33E-07
1756,2.33E-07
1757,2.33E-07
1758,2.33E-07
1759,2.33E-07
1760,2.33E-07
1761,2.33E-07
1762,2.33E-07
1763,2.33E-07
1764,2.33E-07
1765,2.33E-07
1766,2.33E-07
1767,2.32E-07
1768,2.32E-07
1769,2.32E-07
1770,2.32E-07
1771,2.32E-07
1772,2.32E-07
1773,2.32E-07
1774,2.32E-07
1775,2.32E-07
1776,2.32E-07
1777,2.32E-07
1778,2.32E-07
1779,2.32E-07
1780,2.32E-07
1781,2.32E-07
1782,2.32E-07
1783,2.32E-07
1784,2.31E-07
1785,2.31E-07
1786,2.31E-07
1787,2.31E-07
1788,2.31E-07
1789,2.31E-07
1790,2.31E-07
1791,2.31E-07
1792,2.31E-07
1793,2.31E-07
1794,2.31E-07
1795,2.31E-07
1796,2.31E-07
1797,2.31E-07
1798,2.31E-07
1799,2.31E-07
1800,2.30E-07
1801,2.30E-07
1802,2.30E-07
1803,2.30E-07
1804,2.30E-07
1805,2.30E-07
1806,2.30E-07
1807,2.30E-07
1808,2.30E-07
1809,2.30E-07
1810,2.30E-07
1811,2.30E-07
1812,2.30E-07
1813,2.30E-07
1814,2.30E-07
1815,2.30E-07
1816,2.30E-07
1817,2.30E-07
1818,2.30E-07
1819,2.30E-07
1820,2.30E-07
1821,2.29E-07
1822,2.29E-07
1823,2.29E-07
1824,2.29E-07
1825,2.29E-07
1826,2.29E-07
1827,2.29E-07
1828,2.29E-07
1829,2.29E-07
1830,2.29E-07
1831,2.29E-07
1832,2.29E-07
1833,2.29E-07
1834,2.29E-07
1835,2.29E-07
1836,2.29E-07
1837,2.29E-07
1838,2.29E-07
1839,2.29E-07
1840,2.29E-07
1841,2.29E-07
1842,2.29E-07
1843,2.29E-07
1844,2.28E-07
1845,2.28E-07
1846,2.28E-07
1847,2.28E-07
1848,2.28E-07
1849,2.28E-07
1850,2.28E-07
1851,2.28E-07
1852,2.28E-07
1853,2.28E-07
1854,2.28E-07
1855,2.28E-07
1856,2.28E-07
1857,2.28E-07
1858,2.28E-07
1859,2.28E-07
1860,2.28E-07
1861,2.28E-07
1862,2.28E-07
1863,2.28E-07
1864,2.28E-07
1865,2.28E-07
1866,2.28E-07
1867,2.28E-07
1868,2.28E-07
1869,2.28E-07
1870,2.28E-07
1871,2.28E-07
1872,2.27E-07
1873,2.27E-07
1874,2.27E-07
1875,2.27E-07
1876,2.27E-07
1877,2.27E-07
1878,2.27E-07
1879,2.27E-07
1880,2.27E-07
1881,2.27E-07
1882,2.27E-07
1883,2.27E-07
1884,2.27E-07
1885,2.27E-07
1886,2.27E-07
1887,2.27E-07
1888,2.27E-07
1889,2.27E-07
1890,2.27E-07
1891,2.27E-07
1892,2.27E-07
1893,2.27E-07
1894,2.27E-07
1895,2.27E-07
1896,2.27E-07
1897,2.27E-07
1898,2.27E-07
1899,2.27E-07
1900,2.27E-07
1901,2.27E-07
1902,2.27E-07
1903,2.27E-07
1904,2.26E-07
1905,2.26E-07
1906,2.26E-07
1907,2.26E-07
1908,2.26E-07
1909,2.26E-07
1910,2.26E-07
1911,2.26E-07
1912,2.26E-07
1913,2.26E-07
1914,2.26E-07
1915,2.26E-07
1916,2.26E-07
1917,2.26E-07
1918,2.26E-07
1919,2.26E-07
1920,2.26E-07
1921,2.26E-07
1922,2.26E-07
1923,2.26E-07
1924,2.26E-07
1925,2.26E-07
1926,2.26E-07
1927,2.26E-07
1928,2.26E-07
1929,2.26E-07
1930,2.26E-07
1931,2.26E-07
1932,2.26E-07
1933,2.26E-07
1934,2.26E-07
1935,2.26E-07
1936,2.26E-07
1937,2.26E-07
1938,2.26E-07
1939,2.26E-07
1940,2.26E-07
1941,2.26E-07
1942,2.25E-07
1943,2.25E-07
1944,2.25E-07
1945,2.25E-07
1946,2.25E-07
1947,2.25E-07
1948,2.25E-07
1949,2.25E-07
1950,2.25E-07
1951,2.25E-07
1952,2.25E-07
1953,2.25E-07
1954,2.25E-07
1955,2.25E-07
1956,2.25E-07
1957,2.25E-07
1958,2.25E-07
1959,2.25E-07
1960,2.25E-07
1961,2.25E-07
1962,2.25E-07
1963,2.25E-07
1964,2.25E-07
1965,2.25E-07
1966,2.25E-07
1967,2.25E-07
1968,2.25E-07
1969,2.25E-07
1970,2.25E-07
1971,2.25E-07
1972,2.25E-07
1973,2.25E-07
1974,2.25E-07
1975,2.25E-07
1976,2.25E-07
1977,2.25E-07
1978,2.25E-07
1979,2.25E-07
1980,2.25E-07
1981,2.25E-07
1982,2.25E-07
1983,2.25E-07
1984,2.25E-07
1985,2.25E-07
1986,2.25E-07
1987,2.25E-07
1988,2.25E-07
1989,2.25E-07
1990,2.25E-07
1991,2.24E-07
1992,2.24E-07
1993,2.24E-07
1994,2.24E-07
1995,2.24E-07
1996,2.24E-07
1997,2.24E-07
1998,2.24E-07
1999,2.24E-07
