Wall time,Step,Value,Smoothed value
1690895578,18,0.046535984,0.046535984
1690895578,24,0.045827083,0.046528895
1690895579,40,0.046547126,0.046529077
1690895579,42,0.046791576,0.046531702
1690895579,45,0.046192538,0.04652831
1690895579,56,0.0461105,0.046524132
1690895579,71,0.045941148,0.046518302
1690895579,74,0.046442159,0.046517541
1690895580,94,0.047374837,0.046526114
1690895580,106,0.045804292,0.046518896
1690895580,126,0.046312217,0.046516829
1690895581,155,0.047056086,0.046522221
1690895581,158,0.046733636,0.046524336
1690895581,167,0.046669383,0.046525786
1690895581,183,0.04697033,0.046530232
1690895581,185,0.046720617,0.046532135
1690895582,229,0.046047188,0.046527286
1690895582,234,0.045214955,0.046514163
1690895582,249,0.045113977,0.046500161
1690895582,255,0.046582136,0.046500981
1690895583,260,0.046072863,0.046496699
1690895583,267,0.046802588,0.046499758
1690895583,273,0.045979336,0.046494554
1690895583,308,0.046782698,0.046497435
1690895583,310,0.044917192,0.046481633
1690895584,318,0.044684194,0.046463659
1690895584,339,0.045572136,0.046454743
1690895584,347,0.045810614,0.046448302
1690895584,367,0.044944145,0.046433261
1690895585,421,0.044729762,0.046416226
1690895585,422,0.045124188,0.046403305
1690895586,439,0.046170488,0.046400977
1690895586,442,0.045060113,0.046387568
1690895586,445,0.044613972,0.046369832
1690895586,460,0.044880353,0.046354938
1690895586,463,0.045709763,0.046348486
1690895586,464,0.046627223,0.046351273
1690895586,474,0.045634866,0.046344109
1690895586,493,0.045762688,0.046338295
1690895587,514,0.044706948,0.046321981
1690895587,531,0.045727529,0.046316037
1690895587,536,0.045462906,0.046307506
1690895588,563,0.045177504,0.046296206
1690895588,573,0.044530809,0.046278552
1690895588,579,0.045723535,0.046273001
1690895588,586,0.045684915,0.046267121
1690895588,587,0.044406414,0.046248514
1690895589,620,0.044086017,0.046226889
1690895589,622,0.046164628,0.046226266
1690895589,634,0.045645278,0.046220456
1690895589,641,0.047333095,0.046231582
1690895589,642,0.045985393,0.046229121
1690895589,644,0.04647927,0.046231622
1690895589,647,0.046634875,0.046235655
1690895589,649,0.046107315,0.046234371
1690895589,661,0.045320183,0.046225229
1690895589,671,0.045566373,0.046218641
1690895590,714,0.043801971,0.046194474
1690895590,722,0.044585586,0.046178385
1690895590,730,0.045767732,0.046174279
1690895591,739,0.045444533,0.046166981
1690895591,752,0.045142502,0.046156736
1690895591,756,0.045275383,0.046147923
1690895591,765,0.046190087,0.046148345
1690895591,769,0.04481579,0.046135019
1690895591,771,0.044585951,0.046119528
1690895591,773,0.045249321,0.046110826
1690895591,780,0.047710452,0.046126822
1690895591,785,0.046019558,0.04612575
1690895591,787,0.045419876,0.046118691
1690895591,792,0.046180371,0.046119308
1690895592,794,0.045389265,0.046112007
1690895592,798,0.045033112,0.046101218
1690895592,802,0.044173859,0.046081945
1690895592,808,0.045964815,0.046080774
1690895592,809,0.046360895,0.046083575
1690895592,832,0.044330277,0.046066042
1690895592,836,0.045000702,0.046055388
1690895593,869,0.044235595,0.04603719
1690895593,876,0.045370787,0.046030526
1690895593,882,0.046851814,0.046038739
1690895593,896,0.044185013,0.046020202
1690895593,900,0.045627348,0.046016274
1690895593,907,0.046199828,0.046018109
1690895593,909,0.045211829,0.046010046
1690895594,917,0.04568037,0.04600675
1690895594,931,0.045913771,0.04600582
1690895594,932,0.044818636,0.045993948
1690895594,942,0.045241907,0.045986427
1690895594,945,0.044845324,0.045975016
1690895594,954,0.044153571,0.045956802
1690895594,962,0.045836881,0.045955603
1690895595,971,0.045861755,0.045954664
1690895595,972,0.043376312,0.045928881
1690895595,978,0.045329873,0.045922891
1690895595,979,0.045485057,0.045918512
1690895595,984,0.0452713,0.04591204
1690895595,1002,0.044923633,0.045902156
1690895595,1005,0.044778325,0.045890918
1690895595,1014,0.046268333,0.045894692
1690895596,1044,0.045712825,0.045892873
1690895596,1057,0.045675144,0.045890696
1690895596,1063,0.045014307,0.045881932
1690895596,1066,0.043774523,0.045860858
1690895596,1068,0.044316947,0.045845419
1690895596,1072,0.043500662,0.045821971
1690895596,1078,0.044885226,0.045812604
1690895596,1083,0.045278125,0.045807259
1690895597,1093,0.044438682,0.045793573
1690895597,1099,0.045843963,0.045794077
1690895597,1104,0.044755772,0.045783694
1690895597,1114,0.045630511,0.045782162
1690895598,1156,0.044730455,0.045771645
1690895598,1160,0.045912419,0.045773053
1690895598,1161,0.046071418,0.045776037
1690895598,1162,0.044517815,0.045763454
1690895598,1180,0.043849207,0.045744312
1690895598,1193,0.045445219,0.045741321
1690895599,1206,0.045864843,0.045742556
1690895599,1232,0.044399139,0.045729122
1690895599,1244,0.046865717,0.045740488
1690895599,1255,0.045367528,0.045736758
1690895600,1258,0.044448059,0.045723871
1690895600,1261,0.04474147,0.045714047
1690895600,1281,0.045784529,0.045714752
1690895600,1287,0.047022283,0.045727828
1690895600,1294,0.045316108,0.04572371
1690895600,1300,0.045024078,0.045716714
1690895601,1316,0.045418099,0.045713728
1690895601,1319,0.044491522,0.045701506
1690895601,1330,0.045300454,0.045697495
1690895601,1333,0.043930415,0.045679824
1690895601,1336,0.044544566,0.045668472
1690895601,1337,0.045451902,0.045666306
1690895602,1385,0.044996589,0.045659609
1690895602,1388,0.046414584,0.045667159
1690895602,1391,0.044913623,0.045659623
1690895602,1392,0.044737972,0.045650407
1690895602,1414,0.045405656,0.045647959
1690895602,1426,0.045484949,0.045646329
1690895603,1436,0.04456142,0.04563548
1690895603,1440,0.044355795,0.045622683
1690895603,1465,0.045696791,0.045623424
1690895603,1466,0.04761057,0.045643296
1690895603,1477,0.046219692,0.04564906
1690895603,1485,0.04589567,0.045651526
1690895603,1489,0.044326883,0.04563828
1690895603,1491,0.046328321,0.04564518
1690895604,1523,0.045726966,0.045645998
1690895604,1527,0.045300066,0.045642538
1690895604,1552,0.044817492,0.045634288
1690895605,1568,0.044779148,0.045625737
1690895605,1569,0.045929193,0.045628771
1690895605,1584,0.044394828,0.045616432
1690895605,1588,0.045008361,0.045610351
1690895605,1604,0.046069629,0.045614944
1690895605,1605,0.04414349,0.045600229
1690895606,1627,0.044589885,0.045590126
1690895606,1632,0.045227125,0.045586496
1690895606,1637,0.046989404,0.045600525
1690895606,1640,0.045263104,0.045597151
1690895606,1645,0.045325041,0.04559443
1690895606,1648,0.044298612,0.045581471
1690895606,1660,0.045269378,0.045578351
1690895606,1668,0.047630843,0.045598875
1690895607,1675,0.045900233,0.045601889
1690895607,1682,0.046069793,0.045606568
1690895607,1691,0.045270424,0.045603207
1690895607,1695,0.045171648,0.045598891
1690895607,1697,0.045332745,0.04559623
1690895607,1699,0.046443097,0.045604698
1690895607,1702,0.045480967,0.045603461
1690895607,1709,0.045242898,0.045599855
1690895607,1718,0.045328647,0.045597143
1690895607,1728,0.044136703,0.045582539
1690895608,1732,0.046114467,0.045587858
1690895608,1734,0.045147523,0.045583455
1690895608,1737,0.044594593,0.045573566
1690895608,1742,0.044787332,0.045565704
1690895608,1745,0.044476021,0.045554807
1690895608,1746,0.045524385,0.045554503
1690895608,1766,0.046118878,0.045560146
1690895608,1775,0.044315919,0.045547704
1690895608,1781,0.046035342,0.045552581
1690895608,1788,0.045467913,0.045551734
1690895608,1789,0.046694547,0.045563162
1690895609,1798,0.04658113,0.045573342
1690895609,1805,0.045350581,0.045571114
1690895609,1826,0.046740882,0.045582812
1690895609,1830,0.043614581,0.04556313
1690895609,1840,0.045424901,0.045561747
1690895609,1844,0.045099467,0.045557124
1690895610,1853,0.04516004,0.045553154
1690895610,1866,0.043752789,0.04553515
1690895610,1869,0.045153473,0.045531333
1690895610,1875,0.044472761,0.045520747
1690895610,1877,0.045253426,0.045518074
1690895611,1911,0.04493361,0.04551223
1690895611,1917,0.046493031,0.045522038
1690895611,1934,0.042362399,0.045490441
1690895611,1944,0.044899192,0.045484529
1690895611,1947,0.045574054,0.045485424
1690895611,1949,0.043834951,0.045468919
1690895612,1967,0.04551981,0.045469428
1690895612,1981,0.045208052,0.045466814
1690895612,1983,0.04455144,0.045457661
1690895612,2001,0.045323554,0.04545632
1690895612,2005,0.044776343,0.04544952
1690895612,2013,0.045229364,0.045447318
1690895613,2030,0.045172837,0.045444573
1690895613,2036,0.045348547,0.045443613
1690895613,2060,0.045538258,0.04544456
1690895613,2073,0.045973763,0.045449852
1690895613,2076,0.044394001,0.045439293
1690895613,2077,0.044565551,0.045430556
1690895613,2079,0.044133525,0.045417585
1690895613,2081,0.044891998,0.04541233
1690895614,2085,0.044216115,0.045400367
1690895614,2089,0.04705843,0.045416948
1690895614,2096,0.044067211,0.045403451
1690895614,2111,0.045640208,0.045405818
1690895615,2145,0.043875895,0.045390519
1690895615,2149,0.044655882,0.045383173
1690895615,2156,0.045120493,0.045380546
1690895615,2165,0.045377128,0.045380512
1690895615,2177,0.046020329,0.04538691
1690895615,2187,0.042481698,0.045357858
1690895615,2189,0.043756377,0.045341843
1690895615,2191,0.044202734,0.045330452
1690895615,2196,0.046242267,0.04533957
1690895615,2199,0.045218628,0.045338361
1690895616,2207,0.044576854,0.045330745
1690895616,2211,0.045513522,0.045332573
1690895616,2231,0.045787103,0.045337119
1690895616,2236,0.045941867,0.045343166
1690895616,2237,0.044462766,0.045334362
1690895616,2239,0.04487396,0.045329758
1690895616,2242,0.045717333,0.045333634
1690895616,2246,0.046052039,0.045340818
1690895616,2247,0.045137178,0.045338781
1690895616,2254,0.045210488,0.045337498
1690895617,2257,0.045023859,0.045334362
1690895617,2262,0.045704007,0.045338059
1690895617,2281,0.046573419,0.045350412
1690895617,2291,0.045713447,0.045354042
1690895617,2297,0.045572866,0.045356231
1690895617,2303,0.044787683,0.045350545
1690895617,2307,0.045267973,0.04534972
1690895618,2319,0.045440648,0.045350629
1690895618,2320,0.044516921,0.045342292
1690895618,2345,0.045187414,0.045340743
1690895618,2354,0.04356169,0.045322952
1690895619,2389,0.046457913,0.045334302
1690895619,2390,0.044706851,0.045328028
1690895619,2392,0.042789344,0.045302641
1690895620,2436,0.046656694,0.045316181
1690895620,2444,0.04538333,0.045316853
1690895620,2451,0.045812801,0.045321812
1690895620,2453,0.045691758,0.045325512
1690895620,2455,0.044754583,0.045319802
1690895620,2460,0.044886179,0.045315466
1690895620,2485,0.046145551,0.045323767
1690895620,2486,0.045268115,0.04532321
1690895621,2496,0.043783408,0.045307812
1690895621,2498,0.044501841,0.045299753
1690895621,2503,0.044494666,0.045291702
1690895621,2517,0.045350607,0.045292291
1690895621,2523,0.045123547,0.045290603
1690895621,2532,0.044850707,0.045286204
1690895622,2547,0.044447225,0.045277815
1690895622,2551,0.04695645,0.045294601
1690895622,2553,0.044422403,0.045285879
1690895622,2578,0.046262655,0.045295647
1690895622,2590,0.045513641,0.045297827
1690895622,2600,0.045798361,0.045302832
1690895623,2606,0.045369972,0.045303504
1690895623,2623,0.045249224,0.045302961
1690895623,2629,0.046027128,0.045310202
1690895623,2630,0.044947691,0.045306577
1690895623,2644,0.044968829,0.0453032
1690895623,2650,0.04598232,0.045309991
1690895623,2655,0.044562619,0.045302517
1690895624,2678,0.044578329,0.045295275
1690895624,2685,0.045843787,0.045300761
1690895624,2690,0.045469113,0.045302444
1690895624,2703,0.045312777,0.045302547
1690895624,2710,0.045771062,0.045307233
1690895624,2725,0.045680497,0.045310965
1690895625,2737,0.045934007,0.045317196
1690895625,2740,0.043740764,0.045301431
1690895625,2754,0.044733506,0.045295752
1690895626,2789,0.045217246,0.045294967
1690895626,2790,0.044669293,0.04528871
1690895626,2791,0.045579195,0.045291615
1690895626,2809,0.044815399,0.045286853
1690895626,2824,0.046498321,0.045298968
1690895627,2872,0.044696018,0.045292938
1690895627,2881,0.044942778,0.045289436
1690895627,2890,0.044121668,0.045277759
1690895628,2896,0.045697063,0.045281952
1690895628,2917,0.044168931,0.045270822
1690895628,2919,0.045824159,0.045276355
1690895628,2920,0.044914298,0.045272734
1690895629,2967,0.046190009,0.045281907
1690895629,2975,0.045551177,0.0452846
1690895629,2998,0.044146203,0.045273216
1690895629,3007,0.045401856,0.045274502
1690895629,3011,0.044352144,0.045265279
1690895629,3015,0.045273647,0.045265362
1690895630,3027,0.045625076,0.04526896
1690895630,3030,0.045701366,0.045273284
1690895630,3038,0.044953201,0.045270083
1690895630,3041,0.044654533,0.045263927
1690895630,3065,0.045748107,0.045268769
1690895630,3069,0.044089004,0.045256971
1690895630,3071,0.04398106,0.045244212
1690895632,3099,0.044869136,0.045240462
1690895632,3122,0.046071589,0.045248773
1690895632,3137,0.04517211,0.045248006
1690895633,3145,0.045004454,0.045245571
1690895633,3150,0.045582499,0.04524894
1690895633,3155,0.045421943,0.04525067
1690895633,3161,0.046073429,0.045258898
1690895633,3177,0.044953033,0.045255839
1690895633,3195,0.046904251,0.045272323
1690895633,3196,0.046379432,0.045283394
1690895633,3203,0.045381669,0.045284377
1690895634,3206,0.044506051,0.045276594
1690895634,3230,0.043550551,0.045259333
1690895634,3233,0.045042649,0.045257166
1690895634,3240,0.045905076,0.045263645
1690895634,3243,0.045583587,0.045266845
1690895634,3244,0.043950189,0.045253678
1690895634,3246,0.045686569,0.045258007
1690895634,3247,0.044710193,0.045252529
1690895635,3272,0.044477113,0.045244775
1690895635,3281,0.045842662,0.045250754
1690895635,3305,0.045691289,0.045255159
1690895635,3313,0.045045245,0.04525306
1690895636,3327,0.045318902,0.045253718
1690895636,3328,0.044924226,0.045250423
1690895636,3345,0.046699084,0.04526491
1690895636,3374,0.043990046,0.045252161
1690895636,3376,0.0454477,0.045254117
1690895637,3386,0.04511714,0.045252747
1690895637,3403,0.044964552,0.045249865
1690895637,3408,0.046176001,0.045259126
1690895637,3430,0.044796981,0.045254505
1690895637,3438,0.045390666,0.045255867
1690895638,3449,0.045945093,0.045262759
1690895638,3451,0.046083175,0.045270963
1690895638,3458,0.046278954,0.045281043
1690895638,3464,0.04367014,0.045264934
1690895638,3471,0.045410477,0.045266389
1690895638,3477,0.045537885,0.045269104
1690895638,3480,0.045291342,0.045269327
1690895638,3497,0.046218537,0.045278819
1690895639,3509,0.045024868,0.045276279
1690895639,3512,0.045081519,0.045274332
1690895639,3519,0.044886768,0.045270456
1690895639,3535,0.04495478,0.045267299
1690895639,3537,0.044123996,0.045255866
1690895639,3543,0.046355903,0.045266867
1690895639,3547,0.045124911,0.045265447
1690895639,3563,0.045432717,0.04526712
1690895640,3580,0.043791525,0.045252364
1690895640,3600,0.044499494,0.045244835
1690895640,3618,0.046272509,0.045255112
1690895641,3620,0.044761326,0.045250174
1690895641,3622,0.044783089,0.045245503
1690895641,3625,0.045117982,0.045244228
1690895641,3628,0.044944085,0.045241226
1690895641,3645,0.045179233,0.045240607
1690895642,3656,0.044507574,0.045233276
1690895642,3670,0.045168918,0.045232633
1690895643,3700,0.045373298,0.045234039
1690895643,3702,0.0450572,0.045232271
1690895643,3726,0.044127487,0.045221223
1690895643,3730,0.044843927,0.04521745
1690895643,3732,0.047043316,0.045235709
1690895644,3738,0.044298165,0.045226333
1690895644,3741,0.043662,0.04521069
1690895644,3743,0.044565599,0.045204239
1690895644,3752,0.045513663,0.045207333
1690895644,3759,0.043757092,0.045192831
1690895644,3772,0.045617871,0.045197081
1690895645,3780,0.044936068,0.045194471
1690895645,3793,0.044212945,0.045184656
1690895645,3795,0.044691719,0.045179727
1690895645,3798,0.044417765,0.045172107
1690895645,3814,0.045875825,0.045179144
1690895645,3819,0.045838442,0.045185737
1690895645,3821,0.044558451,0.045179464
1690895645,3831,0.046660781,0.045194277
1690895645,3835,0.045057617,0.045192911
1690895646,3864,0.04528679,0.04519385
1690895646,3869,0.04660292,0.04520794
1690895646,3876,0.045024976,0.045206111
1690895647,3920,0.045049157,0.045204541
1690895647,3928,0.04649784,0.045217474
1690895647,3935,0.045410011,0.045219399
1690895647,3939,0.044720955,0.045214415
1690895648,3950,0.04461053,0.045208376
1690895648,3956,0.043696471,0.045193257
1690895648,3962,0.046236537,0.04520369
1690895648,3984,0.045025211,0.045201905
1690895649,3995,0.043859769,0.045188484
1690895649,4000,0.045780703,0.045194406
1690895649,4009,0.046730395,0.045209766
1690895649,4010,0.046218432,0.045219853
1690895649,4022,0.045598067,0.045223635
1690895649,4033,0.04587264,0.045230125
1690895649,4036,0.044941574,0.045227239
1690895649,4046,0.045314375,0.045228111
1690895650,4093,0.045301177,0.045228841
1690895650,4098,0.045905989,0.045235613
1690895650,4099,0.044751249,0.045230769
1690895650,4109,0.044377968,0.045222241
1690895652,4182,0.045249816,0.045222517
1690895652,4193,0.044050407,0.045210796
1690895652,4194,0.045773275,0.045216421
1690895652,4196,0.047409654,0.045238353
1690895652,4198,0.044429645,0.045230266
1690895652,4201,0.04403298,0.045218293
1690895652,4202,0.0453577,0.045219687
1690895652,4227,0.045328103,0.045220771
1690895652,4232,0.044722125,0.045215785
1690895652,4235,0.045125484,0.045214882
1690895653,4243,0.044634826,0.045209081
1690895653,4254,0.046404917,0.045221039
1690895653,4263,0.045476805,0.045223597
1690895653,4266,0.045183148,0.045223193
1690895653,4267,0.044506907,0.04521603
1690895653,4282,0.043687396,0.045200743
1690895654,4298,0.046094112,0.045209677
1690895654,4304,0.045034032,0.045207921
1690895654,4308,0.045991227,0.045215754
1690895654,4317,0.044656977,0.045210166
1690895654,4319,0.045404457,0.045212109
1690895654,4328,0.045580313,0.045215791
1690895654,4332,0.047257282,0.045236206
1690895654,4343,0.045145415,0.045235298
1690895655,4369,0.045473423,0.045237679
1690895655,4378,0.045053024,0.045235833
1690895655,4393,0.044384353,0.045227318
1690895655,4400,0.045363311,0.045228678
1690895655,4406,0.045595415,0.045232345
1690895655,4410,0.04469341,0.045226956
1690895655,4411,0.045713849,0.045231825
1690895656,4430,0.044890158,0.045228408
1690895656,4433,0.044644017,0.045222564
1690895656,4469,0.045413889,0.045224477
1690895656,4475,0.043592118,0.045208154
1690895657,4490,0.045565777,0.04521173
1690895657,4492,0.045524951,0.045214862
1690895657,4509,0.045069329,0.045213407
1690895657,4510,0.044952586,0.045210799
1690895657,4529,0.044574779,0.045204438
1690895657,4530,0.045114696,0.045203541
1690895657,4533,0.044134412,0.04519285
1690895657,4542,0.045908861,0.04520001
1690895658,4553,0.044594027,0.04519395
1690895658,4578,0.045948237,0.045201493
1690895658,4581,0.045437984,0.045203858
1690895658,4592,0.044217072,0.04519399
1690895658,4595,0.045875348,0.045200804
1690895658,4597,0.047095682,0.045219752
1690895658,4599,0.045504071,0.045222596
1690895659,4611,0.045337066,0.04522374
1690895659,4628,0.045058403,0.045222087
1690895659,4649,0.044935279,0.045219219
1690895659,4656,0.044618137,0.045213208
1690895659,4664,0.044278488,0.045203861
1690895659,4668,0.045229807,0.04520412
1690895660,4675,0.044820897,0.045200288
1690895660,4676,0.045383073,0.045202116
1690895660,4677,0.045044191,0.045200537
1690895660,4687,0.046009932,0.045208631
1690895660,4713,0.046356089,0.045220105
1690895660,4718,0.046763323,0.045235537
1690895660,4734,0.044719942,0.045230381
1690895661,4745,0.045300502,0.045231083
1690895661,4749,0.044462252,0.045223394
1690895661,4750,0.04498532,0.045221014
1690895661,4758,0.044438653,0.04521319
1690895661,4764,0.044327512,0.045204333
1690895661,4767,0.045497816,0.045207268
1690895661,4776,0.04419829,0.045197178
1690895661,4780,0.044744819,0.045192655
1690895661,4787,0.04463074,0.045187035
1690895661,4788,0.046848413,0.045203649
1690895661,4794,0.045057066,0.045202183
1690895662,4800,0.044399552,0.045194157
1690895662,4802,0.046523482,0.04520745
1690895662,4805,0.045816943,0.045213545
1690895662,4840,0.045521721,0.045216627
1690895662,4852,0.045024127,0.045214702
1690895663,4871,0.044138238,0.045203937
1690895663,4873,0.045461252,0.045206511
1690895663,4894,0.046709079,0.045221536
1690895663,4914,0.044266433,0.045211985
1690895664,4938,0.046866871,0.045228534
1690895664,4941,0.044418536,0.045220434
1690895664,4954,0.046163809,0.045229868
1690895664,4962,0.044215728,0.045219726
1690895664,4971,0.045051724,0.045218046
1690895664,4974,0.045039933,0.045216265
1690895664,4976,0.045083184,0.045214934
1690895664,4977,0.045137405,0.045214159
1690895665,5021,0.044484414,0.045206862
1690895665,5027,0.044361793,0.045198411
1690895665,5030,0.046105452,0.045207481
1690895665,5037,0.045975462,0.045215161
1690895666,5050,0.044783965,0.045210849
1690895666,5052,0.044798862,0.045206729
1690895666,5053,0.044460282,0.045199265
1690895666,5060,0.046588354,0.045213156
1690895666,5078,0.044741534,0.04520844
1690895666,5101,0.045311235,0.045209468
1690895667,5106,0.044278793,0.045200161
1690895667,5126,0.044485513,0.045193014
1690895667,5128,0.043066867,0.045171753
1690895667,5134,0.044454593,0.045164581
1690895667,5160,0.045715775,0.045170093
1690895667,5165,0.044874545,0.045167138
1690895668,5182,0.045075685,0.045166223
1690895668,5200,0.044863023,0.045163191
1690895668,5208,0.045344431,0.045165004
1690895669,5231,0.046617273,0.045179526
1690895669,5235,0.044694193,0.045174673
1690895669,5239,0.04491885,0.045172115
1690895669,5240,0.044504121,0.045165435
1690895669,5266,0.044351298,0.045157293
1690895669,5289,0.045655258,0.045162273
1690895670,5318,0.046870176,0.045179352
1690895670,5329,0.044722348,0.045174782
1690895670,5345,0.045294032,0.045175975
1690895671,5359,0.045962315,0.045183838
1690895671,5360,0.045931675,0.045191316
1690895671,5380,0.045522101,0.045194624
1690895671,5404,0.044346608,0.045186144
1690895672,5420,0.044614956,0.045180432
1690895672,5439,0.045571283,0.045184341
1690895672,5442,0.045002826,0.045182525
1690895672,5447,0.044783391,0.045178534
1690895673,5484,0.046856731,0.045195316
1690895673,5491,0.043855734,0.04518192
1690895673,5495,0.043723464,0.045167336
1690895673,5501,0.045275256,0.045168415
1690895673,5507,0.045145959,0.04516819
1690895673,5512,0.04550118,0.04517152
1690895673,5515,0.046800502,0.04518781
1690895673,5517,0.046355635,0.045199488
1690895674,5541,0.045891047,0.045206404
1690895674,5549,0.044896483,0.045203305
1690895674,5566,0.04428,0.045194072
1690895674,5571,0.044985112,0.045191982
1690895674,5573,0.043418579,0.045174248
1690895674,5585,0.04473839,0.045169889
1690895674,5587,0.044758435,0.045165775
1690895674,5593,0.04556188,0.045169736
1690895675,5605,0.044186138,0.0451599
1690895675,5610,0.045883048,0.045167131
1690895675,5620,0.045622036,0.04517168
1690895675,5630,0.043828115,0.045158245
1690895675,5658,0.046409938,0.045170762
1690895675,5660,0.044395819,0.045163012
1690895675,5664,0.044551902,0.045156901
1690895676,5679,0.04606875,0.04516602
1690895676,5720,0.046114534,0.045175505
1690895677,5723,0.046421371,0.045187964
1690895677,5741,0.044075977,0.045176844
1690895677,5759,0.046545379,0.045190529
1690895677,5776,0.046732213,0.045205946
1690895677,5779,0.04540994,0.045207986
1690895677,5784,0.045026541,0.045206171
1690895678,5789,0.044008892,0.045194199
1690895678,5807,0.045231547,0.045194572
1690895678,5808,0.044106979,0.045183696
1690895678,5825,0.044286698,0.045174726
1690895678,5828,0.043705925,0.045160038
1690895678,5835,0.044672661,0.045155164
1690895679,5862,0.044159897,0.045145212
1690895679,5864,0.045491539,0.045148675
1690895679,5871,0.046000898,0.045157197
1690895679,5889,0.04641895,0.045169815
1690895679,5898,0.044784646,0.045165963
1690895680,5907,0.045611203,0.045170415
1690895680,5917,0.045310222,0.045171813
1690895680,5928,0.044241384,0.045162509
1690895680,5932,0.045031317,0.045161197
1690895680,5933,0.045583837,0.045165424
1690895680,5952,0.045299947,0.045166769
1690895680,5957,0.045266651,0.045167768
1690895681,5959,0.044217579,0.045158266
1690895681,5963,0.045326628,0.045159949
1690895681,5972,0.045315672,0.045161507
1690895681,5990,0.044477262,0.045154664
1690895682,6010,0.045521781,0.045158335
1690895682,6015,0.043959606,0.045146348
1690895682,6024,0.046837073,0.045163255
1690895682,6030,0.045743249,0.045169055
1690895682,6031,0.04513631,0.045168728
1690895682,6035,0.044625271,0.045163293
1690895682,6038,0.045495063,0.045166611
1690895682,6060,0.046532363,0.045180268
1690895683,6078,0.044856206,0.045177028
1690895683,6082,0.045147024,0.045176728
1690895683,6087,0.044449903,0.04516946
1690895683,6103,0.045697656,0.045174742
1690895683,6105,0.044419993,0.045167194
1690895683,6115,0.044755407,0.045163076
1690895683,6121,0.044983603,0.045161281
1690895683,6123,0.046225045,0.045171919
1690895683,6129,0.045864828,0.045178848
1690895683,6131,0.045193005,0.04517899
1690895683,6133,0.043782637,0.045165026
1690895683,6145,0.043974008,0.045153116
1690895684,6147,0.046036191,0.045161947
1690895684,6149,0.043553196,0.045145859
1690895684,6172,0.044303395,0.045137435
1690895684,6181,0.044427469,0.045130335
1690895684,6184,0.046130486,0.045140336
1690895684,6200,0.046668842,0.045155622
1690895684,6211,0.045840099,0.045162466
1690895684,6213,0.045723036,0.045168072
1690895684,6219,0.045144748,0.045167839
1690895685,6232,0.045609958,0.04517226
1690895685,6237,0.044116065,0.045161698
1690895685,6244,0.045360293,0.045163684
1690895685,6250,0.046004862,0.045172096
1690895685,6263,0.045229942,0.045172674
1690895686,6289,0.045519643,0.045176144
1690895686,6312,0.043690212,0.045161285
1690895686,6316,0.045519091,0.045164863
1690895686,6317,0.044904865,0.045162263
1690895686,6324,0.044682812,0.045157468
1690895686,6341,0.044885561,0.045154749
1690895687,6352,0.043341428,0.045136616
1690895687,6363,0.045155309,0.045136803
1690895687,6370,0.045491137,0.045140346
1690895687,6376,0.045908935,0.045148032
1690895687,6400,0.044949062,0.045146042
1690895688,6455,0.04627005,0.045157282
1690895688,6459,0.045166776,0.045157377
1690895688,6472,0.045616865,0.045161972
1690895689,6487,0.045073982,0.045161092
1690895689,6495,0.045207709,0.045161558
1690895689,6496,0.044660851,0.045156551
1690895689,6500,0.044492695,0.045149913
1690895689,6510,0.047099661,0.04516941
1690895689,6520,0.045688715,0.045174603
1690895689,6521,0.044583522,0.045168693
1690895689,6522,0.045523517,0.045172241
1690895689,6530,0.046029568,0.045180814
1690895690,6550,0.044260062,0.045171607
1690895690,6574,0.044136137,0.045161252
1690895691,6581,0.045809031,0.04516773
1690895691,6584,0.045747682,0.045173529
1690895691,6594,0.046193633,0.04518373
1690895691,6603,0.045548588,0.045187379
1690895691,6606,0.045554686,0.045191052
1690895691,6616,0.044205803,0.045181199
1690895691,6621,0.044349052,0.045172878
1690895692,6657,0.044395667,0.045165106
1690895692,6666,0.044697173,0.045160426
1690895692,6668,0.044452272,0.045153345
1690895692,6672,0.04605832,0.045162395
1690895692,6678,0.044831734,0.045159088
1690895692,6681,0.044468768,0.045152185
1690895692,6688,0.045501616,0.045155679
1690895692,6696,0.044941049,0.045153533
1690895692,6699,0.046016298,0.045162161
1690895692,6707,0.043520447,0.045145743
1690895692,6711,0.045658104,0.045150867
1690895693,6715,0.043981656,0.045139175
1690895693,6738,0.044485159,0.045132635
1690895693,6742,0.044847317,0.045129782
1690895693,6749,0.04552513,0.045133735
1690895693,6753,0.044577587,0.045128174
1690895693,6764,0.044717342,0.045124065
1690895693,6776,0.045874611,0.045131571
1690895694,6792,0.046173271,0.045141988
1690895694,6817,0.044813812,0.045138706
1690895694,6832,0.043422729,0.045121546
1690895695,6846,0.04587939,0.045129125
1690895695,6854,0.045633607,0.045134169
1690895695,6862,0.045296218,0.04513579
1690895695,6868,0.044337116,0.045127803
1690895695,6869,0.045223393,0.045128759
1690895695,6895,0.045067463,0.045128146
1690895696,6909,0.046027049,0.045137135
1690895696,6934,0.043741174,0.045123176
1690895696,6951,0.044701777,0.045118962
1690895696,6963,0.044610795,0.04511388
1690895696,6966,0.045976073,0.045122502
1690895697,6972,0.045312196,0.045124399
1690895697,6990,0.046177968,0.045134934
1690895697,6992,0.044674769,0.045130333
1690895697,7010,0.046099417,0.045140024
1690895697,7014,0.04578251,0.045146449
1690895698,7035,0.043431792,0.045129302
1690895698,7039,0.044676527,0.045124774
1690895698,7046,0.044371322,0.04511724
1690895698,7059,0.045737904,0.045123446
1690895698,7065,0.045517363,0.045127385
1690895698,7079,0.043893952,0.045115051
1690895698,7091,0.045362294,0.045117524
1690895699,7106,0.04433617,0.04510971
1690895699,7114,0.045127675,0.04510989
1690895699,7115,0.044425618,0.045103047
1690895699,7137,0.044858541,0.045100602
1690895699,7141,0.043809172,0.045087688
1690895700,7155,0.044627372,0.045083084
1690895700,7167,0.045729268,0.045089546
1690895700,7168,0.047022298,0.045108874
1690895700,7175,0.045522332,0.045113008
1690895700,7189,0.046303354,0.045124912
1690895700,7195,0.046035454,0.045134017
1690895700,7202,0.045186624,0.045134543
1690895700,7204,0.045378149,0.045136979
1690895700,7213,0.045424111,0.045139851
1690895701,7215,0.043691583,0.045125368
1690895701,7216,0.045132618,0.045125441
1690895701,7235,0.044970956,0.045123896
1690895701,7238,0.044833902,0.045120996
1690895701,7247,0.047072019,0.045140506
1690895701,7260,0.043799672,0.045127098
1690895702,7284,0.04548277,0.045130654
1690895702,7300,0.045246266,0.04513181
1690895702,7311,0.0428771,0.045109263
1690895702,7329,0.044992022,0.045108091
1690895702,7339,0.044396099,0.045100971
1690895702,7340,0.046870574,0.045118667
1690895702,7346,0.04495126,0.045116993
1690895703,7353,0.044427585,0.045110099
1690895703,7357,0.046811037,0.045127108
1690895703,7358,0.045425564,0.045130093
1690895703,7359,0.046123669,0.045140029
1690895703,7381,0.044360787,0.045132236
1690895703,7382,0.044423565,0.045125149
1690895703,7386,0.0452573,0.045126471
1690895703,7388,0.045779772,0.045133004
1690895703,7397,0.044828817,0.045129962
1690895703,7401,0.045188136,0.045130544
1690895704,7430,0.045864392,0.045137882
1690895704,7431,0.044951916,0.045136023
1690895704,7440,0.045392964,0.045138592
1690895704,7443,0.045598969,0.045143196
1690895704,7450,0.045050643,0.04514227
1690895704,7460,0.044608694,0.045136935
1690895704,7461,0.044700686,0.045132572
1690895704,7463,0.045056038,0.045131807
1690895704,7468,0.044299684,0.045123486
1690895704,7474,0.044907883,0.04512133
1690895705,7478,0.045048594,0.045120602
1690895705,7480,0.044569802,0.045115094
1690895705,7496,0.044489626,0.045108839
1690895705,7502,0.046007752,0.045117829
1690895705,7503,0.0460319,0.045126969
1690895705,7511,0.045588598,0.045131586
1690895705,7530,0.044434246,0.045124612
1690895706,7547,0.045617461,0.045129541
1690895706,7573,0.043801531,0.045116261
1690895706,7596,0.044866569,0.045113764
1690895707,7609,0.044887684,0.045111503
1690895707,7612,0.045015253,0.04511054
1690895707,7643,0.045141675,0.045110852
1690895707,7644,0.045760859,0.045117352
1690895707,7660,0.044243891,0.045108617
1690895707,7661,0.046396229,0.045121493
1690895708,7671,0.045724027,0.045127519
1690895708,7674,0.045375716,0.045130001
1690895708,7676,0.045398373,0.045132684
1690895708,7687,0.045365285,0.04513501
1690895708,7693,0.044800181,0.045131662
1690895708,7696,0.044285085,0.045123196
1690895708,7700,0.044176511,0.045113729
1690895708,7718,0.043526657,0.045097859
1690895708,7719,0.044386886,0.045090749
1690895708,7723,0.045376755,0.045093609
1690895708,7726,0.045185726,0.04509453
1690895708,7728,0.044216722,0.045085752
1690895709,7742,0.044103101,0.045075926
1690895709,7746,0.043764178,0.045062808
1690895709,7757,0.044220276,0.045054383
1690895709,7760,0.04578435,0.045061683
1690895709,7780,0.044309616,0.045054162
1690895709,7788,0.045246977,0.04505609
1690895710,7798,0.044510104,0.04505063
1690895710,7799,0.045350589,0.04505363
1690895710,7810,0.045151901,0.045054612
1690895710,7833,0.045654364,0.04506061
1690895710,7838,0.043994442,0.045049948
1690895711,7855,0.044864729,0.045048096
1690895711,7899,0.044683207,0.045044447
1690895711,7900,0.045155957,0.045045562
1690895711,7904,0.045383207,0.045048939
1690895711,7908,0.045913465,0.045057584
1690895712,7926,0.046576001,0.045072768
1690895712,7932,0.044159129,0.045063632
1690895712,7975,0.0457705,0.0450707
1690895713,7983,0.045153316,0.045071527
1690895713,7991,0.046418726,0.045084999
1690895713,7992,0.044754293,0.045081692
1690895713,8009,0.046015538,0.04509103
1690895713,8022,0.044917729,0.045089297
1690895713,8026,0.046402082,0.045102425
1690895713,8037,0.045533963,0.04510674
1690895714,8049,0.046333555,0.045119008
1690895714,8052,0.046035077,0.045128169
1690895714,8054,0.044933237,0.04512622
1690895714,8058,0.045096006,0.045125918
1690895714,8066,0.044696949,0.045121628
1690895715,8126,0.045874927,0.045129161
1690895715,8132,0.044722557,0.045125095
1690895715,8133,0.045235999,0.045126204
1690895715,8150,0.04572041,0.045132146
1690895715,8157,0.044827156,0.045129096
1690895716,8180,0.046171695,0.045139522
1690895716,8184,0.045477323,0.0451429
1690895716,8195,0.044922665,0.045140698
1690895716,8198,0.045623697,0.045145528
1690895716,8215,0.043687679,0.045130949
1690895716,8221,0.043760169,0.045117241
1690895717,8234,0.043615706,0.045102226
1690895717,8254,0.045118913,0.045102393
1690895717,8263,0.045023553,0.045101605
1690895717,8279,0.043989636,0.045090485
1690895717,8281,0.044242639,0.045082006
1690895718,8290,0.044726681,0.045078453
1690895718,8299,0.045434646,0.045082015
1690895718,8307,0.044496156,0.045076157
1690895718,8327,0.045055449,0.045075949
1690895718,8329,0.046207368,0.045087264
1690895718,8332,0.045135792,0.045087749
1690895718,8334,0.046672255,0.045103594
1690895718,8340,0.046462484,0.045117183
1690895718,8352,0.044794962,0.045113961
1690895718,8353,0.046337508,0.045126196
1690895719,8360,0.046331637,0.045138251
1690895719,8363,0.044856403,0.045135432
1690895719,8368,0.046167813,0.045145756
1690895719,8375,0.044575788,0.045140056
1690895719,8377,0.045803864,0.045146694
1690895720,8428,0.045551755,0.045150745
1690895720,8439,0.046510361,0.045164341
1690895720,8442,0.044859979,0.045161297
1690895720,8447,0.045320272,0.045162887
1690895720,8463,0.044216208,0.04515342
1690895720,8467,0.045371905,0.045155605
1690895720,8468,0.045536824,0.045159417
1690895720,8470,0.044796035,0.045155784
1690895721,8480,0.044006776,0.045144293
1690895721,8484,0.045190811,0.045144759
1690895721,8488,0.044504661,0.045138358
1690895721,8497,0.044477668,0.045131751
1690895721,8498,0.044853926,0.045128973
1690895721,8503,0.043902069,0.045116704
1690895721,8507,0.04514287,0.045116965
1690895721,8508,0.044073783,0.045106533
1690895721,8523,0.045387849,0.045109347
1690895722,8554,0.04658249,0.045124078
1690895722,8566,0.044638991,0.045119227
1690895722,8573,0.04568683,0.045124903
1690895722,8578,0.045709383,0.045130748
1690895722,8592,0.04440387,0.045123479
1690895723,8601,0.046112176,0.045133366
1690895723,8616,0.043630168,0.045118334
1690895723,8627,0.046716228,0.045134313
1690895723,8634,0.044760305,0.045130573
1690895723,8635,0.045473062,0.045133998
1690895723,8644,0.044634938,0.045129007
1690895724,8682,0.044690527,0.045124622
1690895724,8685,0.044712994,0.045120506
1690895724,8687,0.044515811,0.045114459
1690895724,8690,0.044126961,0.045104584
1690895724,8691,0.045462422,0.045108163
1690895724,8695,0.046576452,0.045122846
1690895725,8727,0.046388838,0.045135505
1690895725,8741,0.04467608,0.045130911
1690895725,8768,0.044519555,0.045124798
1690895725,8774,0.045977674,0.045133326
1690895725,8778,0.046351418,0.045145507
1690895726,8796,0.045221291,0.045146265
1690895726,8801,0.046059132,0.045155394
1690895726,8816,0.046251118,0.045166351
1690895726,8819,0.045457605,0.045169264
1690895726,8822,0.044279069,0.045160362
1690895726,8843,0.044568814,0.045154446
1690895727,8854,0.045660079,0.045159503
1690895727,8867,0.045166582,0.045159573
1690895727,8868,0.045367476,0.045161652
1690895727,8878,0.045416392,0.0451642
1690895727,8881,0.045332439,0.045165882
1690895727,8885,0.045531012,0.045169533
1690895727,8902,0.044798441,0.045165823
1690895727,8904,0.044495322,0.045159117
1690895728,8907,0.045081604,0.045158342
1690895728,8928,0.044148397,0.045148243
1690895728,8930,0.045026947,0.04514703
1690895728,8935,0.045150839,0.045147068
1690895728,8946,0.044116318,0.045136761
1690895728,8954,0.045771867,0.045143112
1690895728,8958,0.043825962,0.04512994
1690895729,8975,0.044215359,0.045120794
1690895729,8981,0.043980498,0.045109391
1690895729,8991,0.044592638,0.045104224
1690895729,8993,0.04430443,0.045096226
1690895729,8999,0.044201456,0.045087278
1690895729,9004,0.04596556,0.045096061
1690895729,9009,0.044870198,0.045093802
1690895729,9012,0.045450591,0.04509737
1690895729,9027,0.045485597,0.045101252
1690895729,9028,0.045605943,0.045106299
1690895730,9055,0.044477344,0.04510001
1690895730,9063,0.045258265,0.045101592
1690895730,9073,0.04529044,0.045103481
1690895730,9084,0.045172043,0.045104166
1690895731,9105,0.046695806,0.045120083
1690895731,9122,0.04477787,0.045116661
1690895731,9123,0.044665828,0.045112152
1690895732,9155,0.045077685,0.045111808
1690895732,9156,0.045565233,0.045116342
1690895732,9162,0.045729768,0.045122476
1690895732,9214,0.043777931,0.045109031
1690895733,9216,0.044901788,0.045106958
1690895733,9223,0.044465028,0.045100539
1690895733,9226,0.043916665,0.0450887
1690895733,9233,0.044662639,0.04508444
1690895733,9260,0.045970455,0.0450933
1690895734,9281,0.045301814,0.045095385
1690895734,9291,0.04656858,0.045110117
1690895734,9307,0.043676723,0.045095783
1690895734,9309,0.04515443,0.045096369
1690895734,9311,0.0447996,0.045093402
1690895734,9316,0.044444889,0.045086917
1690895735,9348,0.046242476,0.045098472
1690895735,9353,0.044236399,0.045089852
1690895735,9364,0.045812607,0.045097079
1690895735,9365,0.04507456,0.045096854
1690895735,9366,0.045833845,0.045104224
1690895735,9369,0.04544127,0.045107594
1690895735,9385,0.04501937,0.045106712
1690895736,9412,0.045457415,0.045110219
1690895736,9415,0.043866739,0.045097784
1690895736,9435,0.044419926,0.045091006
1690895736,9441,0.04504171,0.045090513
1690895736,9442,0.045078777,0.045090395
1690895736,9468,0.045585211,0.045095344
1690895737,9475,0.046044435,0.045104834
1690895737,9482,0.045860823,0.045112394
1690895737,9515,0.044498853,0.045106259
1690895737,9518,0.046187036,0.045117067
1690895738,9537,0.045942474,0.045125321
1690895738,9538,0.043679558,0.045110863
1690895738,9547,0.045792341,0.045117678
1690895738,9554,0.045261502,0.045119116
1690895738,9557,0.045811534,0.04512604
1690895738,9564,0.045845591,0.045133236
1690895738,9567,0.046087496,0.045142778
1690895738,9586,0.044856708,0.045139918
1690895738,9589,0.044546373,0.045133982
1690895739,9600,0.045953207,0.045142175
1690895739,9611,0.043327257,0.045124025
1690895739,9621,0.046090387,0.045133689
1690895739,9623,0.043614376,0.045118496
1690895739,9624,0.045652799,0.045123839
1690895739,9627,0.04528084,0.045125409
1690895739,9651,0.045557007,0.045129725
1690895740,9656,0.04406032,0.045119031
1690895740,9657,0.044551823,0.045113359
1690895740,9661,0.046147399,0.045123699
1690895740,9680,0.043893397,0.045111396
1690895740,9681,0.044219062,0.045102473
1690895740,9690,0.04464601,0.045097908
1690895740,9698,0.047219906,0.045119128
1690895740,9710,0.043916091,0.045107098
1690895741,9747,0.047084242,0.045126869
1690895741,9750,0.044371389,0.045119314
1690895741,9759,0.045106277,0.045119184
1690895741,9760,0.045784608,0.045125838
1690895741,9766,0.046019759,0.045134777
1690895741,9768,0.044494398,0.045128374
1690895741,9777,0.044689596,0.045123986
1690895742,9812,0.044336334,0.045116109
1690895742,9817,0.045799214,0.04512294
1690895743,9840,0.045936316,0.045131074
1690895743,9843,0.04544564,0.04513422
1690895743,9846,0.046535853,0.045148236
1690895743,9855,0.045305222,0.045149806
1690895743,9883,0.045161236,0.04514992
1690895744,9907,0.044507369,0.045143495
1690895744,9917,0.045219325,0.045144253
1690895745,9972,0.044653181,0.045139342
1690895745,9978,0.044764094,0.04513559
1690895745,9982,0.046410784,0.045148342
1690895745,9985,0.044743255,0.045144291
1690895745,9996,0.045302067,0.045145869
1690895745,9999,0.045922119,0.045153631
